No,Kode Satker,Nama Satker,Kode Barang,Nama Barang,NUP,Kondisi,Merk/Tipe,Tgl Rekam Pertama,Tgl Perolehan,Nilai Perolehan Pertama,Nilai Mutasi,Nilai Perolehan,Nilai Penyusutan,Nilai Buku,KUANTITAS,Jml Foto,Status Penggunaan,Status Pengelolaan,No PSP,Tgl PSP,NO BPKB,NO POLISI,PEMAKAI,Jumlah KIB
1,025040199426302000KP,DITJEN PENDIS,3020101001,Sedan,1,Baik,Toyota Corolla Altis V A/T,8/11/2010,26/10/2010,"355,400,000",0,"355,400,000","355,400,000",0,1,1,Digunakan sendiri untuk operasional,,184/KM.6/WKN.07/KNL.03/2016,26/09/2016,-,B 1223 PQA,-,0
2,025040199426302000KP,DITJEN PENDIS,3020101001,Sedan,4,Baik,Toyota,30/06/2015,8/10/2007,"263,600,000",0,"263,600,000","263,600,000",0,1,1,Digunakan sendiri untuk operasional,,136/KM.6/WKN.07/KNL.03/2016,9/8/2016,E 9129146,B 1079 LQ,-,0
3,025040199426302000KP,DITJEN PENDIS,3020101001,Sedan,5,Baik,TOYOTA NEW CAMRY 2.5 V A/T,30/08/2018,30/07/2018,"589,600,000",0,"589,600,000","336,914,287","252,685,713",1,1,Digunakan sendiri untuk operasional,,055/KM.6/WKN.07/KNL.03/2020,9/3/2020,N08213104,B 1302 PQB,-,0
4,025040199426302000KP,DITJEN PENDIS,3020102001,Bus ( Penumpang 30 Orang Keatas ),1,Baik,ISUZU,10/12/2009,30/11/2009,"437,999,000",0,"437,999,000","437,999,000",0,1,1,Digunakan sendiri untuk operasional,,184/KM.6/WKN.07/KNL.03/2016,26/09/2016,G 2742046G,B 7552 IQ,-,0
5,025040199426302000KP,DITJEN PENDIS,3020102003,Mini Bus ( Penumpang 14 Orang Kebawah ),53,Baik,TOYOTA,31/12/2007,17/11/2007,"100,755,000",0,"100,755,000","100,755,000",0,1,1,Digunakan sendiri untuk operasional,,136/KM.6/WKN.07/KNL.03/2016,9/8/2016,E 8176679 G,B 1823 PQ,-,0
6,025040199426302000KP,DITJEN PENDIS,3020102003,Mini Bus ( Penumpang 14 Orang Kebawah ),54,Baik,INNOVA TYPE   E,31/12/2007,17/07/2007,"154,040,500",0,"154,040,500","154,040,500",0,1,1,Digunakan sendiri untuk operasional,,184/KM.6/WKN.07/KNL.03/2016,26/09/2016,228165,B 8934 WU,-,0
7,025040199426302000KP,DITJEN PENDIS,3020102003,Mini Bus ( Penumpang 14 Orang Kebawah ),55,Baik,INNOVA TYPE   E,31/12/2007,17/07/2007,"154,040,500",0,"154,040,500","154,040,500",0,1,1,Digunakan sendiri untuk operasional,,136/KM.6/WKN.07/KNL.03/2016,9/8/2016,228165,B 8935 WU,-,0
8,025040199426302000KP,DITJEN PENDIS,3020102003,Mini Bus ( Penumpang 14 Orang Kebawah ),56,Baik,INNOVA TYPE   E,31/12/2007,17/07/2007,"154,040,500",0,"154,040,500","154,040,500",0,1,2,Digunakan sendiri untuk operasional,,184/KM.6/WKN.07/KNL.03/2016,26/09/2016,228165,B 8936 WU,-,0
9,025040199426302000KP,DITJEN PENDIS,3020102003,Mini Bus ( Penumpang 14 Orang Kebawah ),59,Baik,TOYOTA AVANZA S. M/T,31/12/2007,17/07/2007,"125,255,000",0,"125,255,000","125,255,000",0,1,2,Digunakan sendiri untuk operasional,,184/KM.6/WKN.07/KNL.03/2016,26/09/2016,222806,B 8972 WU,-,0
10,025040199426302000KP,DITJEN PENDIS,3020102003,Mini Bus ( Penumpang 14 Orang Kebawah ),60,Baik,TOYOTA AVANZA S. M/T,31/12/2007,17/07/2007,"125,255,000",0,"125,255,000","125,255,000",0,1,1,Digunakan sendiri untuk operasional,,184/KM.6/WKN.07/KNL.03/2016,26/09/2016,222806,B 8977 WU,-,0
11,025040199426302000KP,DITJEN PENDIS,3020102003,Mini Bus ( Penumpang 14 Orang Kebawah ),62,Baik,TOYOTA AVANZA S. M/T,31/12/2007,17/07/2007,"125,255,000",0,"125,255,000","125,255,000",0,1,1,Digunakan sendiri untuk operasional,,184/KM.6/WKN.07/KNL.03/2016,26/09/2016,222806,B 8969 WU,-,0
12,025040199426302000KP,DITJEN PENDIS,3020102003,Mini Bus ( Penumpang 14 Orang Kebawah ),63,Baik,TOYOTA AVANZA S. M/T,31/12/2007,17/07/2007,"125,255,000",0,"125,255,000","125,255,000",0,1,1,Digunakan sendiri untuk operasional,,184/KM.6/WKN.07/KNL.03/2016,26/09/2016,222806,B 8970 WU,-,0
13,025040199426302000KP,DITJEN PENDIS,3020102003,Mini Bus ( Penumpang 14 Orang Kebawah ),64,Baik,INOVA TIPE G.,31/12/2007,10/7/2007,"173,840,500",0,"173,840,500","173,840,500",0,1,2,Digunakan sendiri untuk operasional,,136/KM.6/WKN.07/KNL.03/2016,9/8/2016,4341238 G,B 8938 WU,-,0
14,025040199426302000KP,DITJEN PENDIS,3020102003,Mini Bus ( Penumpang 14 Orang Kebawah ),65,Baik,INOVA TIPE G.,31/12/2007,10/7/2007,"173,840,500",0,"173,840,500","173,840,500",0,1,1,Digunakan sendiri untuk operasional,,184/KM.6/WKN.07/KNL.03/2016,26/09/2016,4341241 G,B 8939 WU,-,0
15,025040199426302000KP,DITJEN PENDIS,3020102003,Mini Bus ( Penumpang 14 Orang Kebawah ),66,Baik,INOVA TIPE G.,31/12/2007,10/7/2007,"173,840,500",0,"173,840,500","173,840,500",0,1,1,Digunakan sendiri untuk operasional,,136/KM.6/WKN.07/KNL.03/2016,9/8/2016,4341242 G,B 8937 WU,-,0
16,025040199426302000KP,DITJEN PENDIS,3020102003,Mini Bus ( Penumpang 14 Orang Kebawah ),67,Baik,TOYOTA,31/12/2007,15/03/2007,"173,840,500",0,"173,840,500","173,840,500",0,1,1,Digunakan sendiri untuk operasional,,184/KM.6/WKN.07/KNL.03/2016,26/09/2016,4341245 G,B 8932 WU,-,0
17,025040199426302000KP,DITJEN PENDIS,3020102003,Mini Bus ( Penumpang 14 Orang Kebawah ),69,Baik,HONDA ALL NEW CR-V 2.0 M/T.,31/12/2007,11/7/2007,"251,000,000",0,"251,000,000","251,000,000",0,1,1,Digunakan sendiri untuk operasional,,136/KM.6/WKN.07/KNL.03/2016,9/8/2016,G.2754285,B 2181 UQ,-,0
18,025040199426302000KP,DITJEN PENDIS,3020102003,Mini Bus ( Penumpang 14 Orang Kebawah ),70,Baik,TOYOTA,31/12/2007,30/11/2007,"150,300,000",0,"150,300,000","150,300,000",0,1,1,Digunakan sendiri untuk operasional,,136/KM.6/WKN.07/KNL.03/2016,9/8/2016,E 8180259,B 2376 BQ,-,0
19,025040199426302000KP,DITJEN PENDIS,3020102003,Mini Bus ( Penumpang 14 Orang Kebawah ),71,Baik,TOYOTA,31/12/2007,30/11/2007,"150,300,000",0,"150,300,000","150,300,000",0,1,1,Digunakan sendiri untuk operasional,,184/KM.6/WKN.07/KNL.03/2016,26/09/2016,E 818039,B 2210 BQ,-,0
20,025040199426302000KP,DITJEN PENDIS,3020102003,Mini Bus ( Penumpang 14 Orang Kebawah ),72,Baik,TOYOTA,31/12/2007,30/11/2007,"150,300,000",0,"150,300,000","150,300,000",0,1,1,Digunakan sendiri untuk operasional,,184/KM.6/WKN.07/KNL.03/2016,26/09/2016,E 818039,B 2209 BQ,-,0
21,025040199426302000KP,DITJEN PENDIS,3020102003,Mini Bus ( Penumpang 14 Orang Kebawah ),73,Baik,TOYOTA,31/12/2007,30/11/2007,"150,300,000",0,"150,300,000","150,300,000",0,1,2,Digunakan sendiri untuk operasional,,136/KM.6/WKN.07/KNL.03/2016,9/8/2016,E 817986,B 2559 BQ,-,0
22,025040199426302000KP,DITJEN PENDIS,3020102003,Mini Bus ( Penumpang 14 Orang Kebawah ),75,Baik,HONDA,31/12/2007,19/11/2007,"274,700,000",0,"274,700,000","274,700,000",0,1,1,Digunakan sendiri untuk operasional,,136/KM.6/WKN.07/KNL.03/2016,9/8/2016,-,B 2753 UQ,-,0
23,025040199426302000KP,DITJEN PENDIS,3020102003,Mini Bus ( Penumpang 14 Orang Kebawah ),76,Baik,TOYOTA,29/01/2010,29/03/2007,"94,173,000",0,"94,173,000","94,173,000",0,1,2,Digunakan sendiri untuk operasional,,184/KM.6/WKN.07/KNL.03/2016,26/09/2016,4519799,B 8971 WU,-,0
24,025040199426302000KP,DITJEN PENDIS,3020102003,Mini Bus ( Penumpang 14 Orang Kebawah ),77,Baik,Toyota Innova V,24/11/2010,1/11/2010,"237,800,000",0,"237,800,000","237,800,000",0,1,1,Digunakan sendiri untuk operasional,,136/KM.6/WKN.07/KNL.03/2016,9/8/2016,-,B 1156 PQO,-,0
25,025040199426302000KP,DITJEN PENDIS,3020102003,Mini Bus ( Penumpang 14 Orang Kebawah ),78,Baik,Toyota Innova V,24/11/2010,1/11/2010,"237,800,000",0,"237,800,000","237,800,000",0,1,1,Digunakan sendiri untuk operasional,,184/KM.6/WKN.07/KNL.03/2016,26/09/2016,-,B 1159 PQO,-,0
26,025040199426302000KP,DITJEN PENDIS,3020102003,Mini Bus ( Penumpang 14 Orang Kebawah ),79,Baik,TOYOTA,25/11/2010,18/11/2010,"248,700,000",0,"248,700,000","248,700,000",0,1,2,Digunakan sendiri untuk operasional,,184/KM.6/WKN.07/KNL.03/2016,26/09/2016,-,B 1198 PQO,-,0
27,025040199426302000KP,DITJEN PENDIS,3020102003,Mini Bus ( Penumpang 14 Orang Kebawah ),80,Baik,Toyota Avanza G M/T 1300cc,8/11/2010,26/10/2010,"136,250,000",0,"136,250,000","136,250,000",0,1,1,Digunakan sendiri untuk operasional,,183/KM.6/WKN.07/KNL.03/2016,26/09/2016,-,B 1155 PQO,-,0
28,025040199426302000KP,DITJEN PENDIS,3020102003,Mini Bus ( Penumpang 14 Orang Kebawah ),81,Baik,Nissan Xtrail 2.0 MT Black,3/7/2012,3/7/2012,"306,775,000",0,"306,775,000","306,775,000",0,1,1,Digunakan sendiri untuk operasional,,183/KM.6/WKN.07/KNL.03/2016,26/09/2016,I-11969433,B 1638 PQP,-,0
29,025040199426302000KP,DITJEN PENDIS,3020102003,Mini Bus ( Penumpang 14 Orang Kebawah ),82,Baik,KIA Sportage A/T,19/07/2012,19/07/2012,"293,000,000",0,"293,000,000","293,000,000",0,1,1,Digunakan sendiri untuk operasional,,136/KM.6/WKN.07/KNL.03/2016,9/8/2016,-,B 1244 PQH,-,0
30,025040199426302000KP,DITJEN PENDIS,3020102003,Mini Bus ( Penumpang 14 Orang Kebawah ),83,Baik,Toyota Kijang Innova G A/T,24/09/2012,24/09/2012,"248,690,000",0,"248,690,000","248,690,000",0,1,1,Digunakan sendiri untuk operasional,,183/KM.6/WKN.07/KNL.03/2016,26/09/2016,-,B 1680 PQP,-,0
31,025040199426302000KP,DITJEN PENDIS,3020102003,Mini Bus ( Penumpang 14 Orang Kebawah ),84,Baik,Suzuki APV Arena (GL),3/8/2012,3/8/2012,"134,500,000",0,"134,500,000","134,500,000",0,1,1,Digunakan sendiri untuk operasional,,136/KM.6/WKN.07/KNL.03/2016,9/8/2016,-,B 1612 PQP,-,0
32,025040199426302000KP,DITJEN PENDIS,3020102003,Mini Bus ( Penumpang 14 Orang Kebawah ),85,Baik,Suzuki Ertiga (GA),3/8/2012,3/8/2012,"140,500,000",0,"140,500,000","140,500,000",0,1,2,Digunakan sendiri untuk operasional,,183/KM.6/WKN.07/KNL.03/2016,26/09/2016,-,B 1597 PQP,-,0
33,025040199426302000KP,DITJEN PENDIS,3020102003,Mini Bus ( Penumpang 14 Orang Kebawah ),86,Baik,Honda CRV 2000 CC M/T,12/10/2012,27/06/2012,"343,000,000",0,"343,000,000","343,000,000",0,1,1,Digunakan sendiri untuk operasional,,183/KM.6/WKN.07/KNL.03/2016,26/09/2016,-,B 1238 PQH,-,0
34,025040199426302000KP,DITJEN PENDIS,3020102003,Mini Bus ( Penumpang 14 Orang Kebawah ),87,Baik,Toyota Innova G M/T,10/8/2012,3/7/2012,"235,330,000",0,"235,330,000","235,330,000",0,1,1,Digunakan sendiri untuk operasional,,136/KM.6/WKN.07/KNL.03/2016,9/8/2016,I11083109,B 1565 PQP,-,0
35,025040199426302000KP,DITJEN PENDIS,3020102003,Mini Bus ( Penumpang 14 Orang Kebawah ),88,Baik,Toyota Innova G M/T,10/8/2012,3/7/2012,"235,330,000",0,"235,330,000","235,330,000",0,1,1,Digunakan sendiri untuk operasional,,136/KM.6/WKN.07/KNL.03/2016,9/8/2016,I11083108,B 1564 PQP,-,0
36,025040199426302000KP,DITJEN PENDIS,3020102003,Mini Bus ( Penumpang 14 Orang Kebawah ),89,Baik,Toyota Innova G M/T,10/8/2012,3/7/2012,"235,330,000",0,"235,330,000","235,330,000",0,1,1,Digunakan sendiri untuk operasional,,136/KM.6/WKN.07/KNL.03/2016,9/8/2016,I11330715,B 1574 PQP,-,0
37,025040199426302000KP,DITJEN PENDIS,3020102003,Mini Bus ( Penumpang 14 Orang Kebawah ),90,Baik,Toyota Innova G M/T,10/8/2012,3/7/2012,"235,330,000",0,"235,330,000","235,330,000",0,1,1,Digunakan sendiri untuk operasional,,183/KM.6/WKN.07/KNL.03/2016,26/09/2016,349009M2W1AN,B 1563 PQP,-,0
38,025040199426302000KP,DITJEN PENDIS,3020102003,Mini Bus ( Penumpang 14 Orang Kebawah ),91,Baik,Toyota Innova New G M/T,12/9/2012,16/07/2012,"235,330,000",0,"235,330,000","235,330,000",0,1,1,Digunakan sendiri untuk operasional,,183/KM.6/WKN.07/KNL.03/2016,26/09/2016,I11873540,B 1621 PQP,-,0
39,025040199426302000KP,DITJEN PENDIS,3020102003,Mini Bus ( Penumpang 14 Orang Kebawah ),92,Baik,KIA Travello OPT 216 ST M/T,21/09/2012,13/07/2012,"199,000,000",0,"199,000,000","199,000,000",0,1,1,Digunakan sendiri untuk operasional,,136/KM.6/WKN.07/KNL.03/2016,9/8/2016,3C750274YW2NI,B 7763 IO,-,0
40,025040199426302000KP,DITJEN PENDIS,3020102003,Mini Bus ( Penumpang 14 Orang Kebawah ),93,Baik,Suzuki Ertiga GX M/T,20/12/2012,7/12/2012,"162,721,200",0,"162,721,200","162,721,200",0,1,1,Digunakan sendiri untuk operasional,,136/KM.6/WKN.07/KNL.03/2016,9/8/2016,J05889736,B 1187 PQQ,-,0
41,025040199426302000KP,DITJEN PENDIS,3020102003,Mini Bus ( Penumpang 14 Orang Kebawah ),94,Baik,Chevrolet Spin 1.5L LTZ AT,2/12/2013,8/10/2013,"181,649,000",0,"181,649,000","181,649,000",0,1,1,Digunakan sendiri untuk operasional,,183/KM.6/WKN.07/KNL.03/2016,26/09/2016,K06203778,B 1651 PQQ,-,0
42,025040199426302000KP,DITJEN PENDIS,3020102003,Mini Bus ( Penumpang 14 Orang Kebawah ),95,Baik,Chevrolet Spin 1.5L LTZ AT,2/12/2013,8/10/2013,"181,649,000",0,"181,649,000","181,649,000",0,1,1,Digunakan sendiri untuk operasional,,183/KM.6/WKN.07/KNL.03/2016,26/09/2016,K06203776,B 1649 PQQ,-,0
43,025040199426302000KP,DITJEN PENDIS,3020102003,Mini Bus ( Penumpang 14 Orang Kebawah ),96,Baik,Chevrolet Spin 1.5L LTZ AT,2/12/2013,8/10/2013,"181,649,000",0,"181,649,000","181,649,000",0,1,1,Digunakan sendiri untuk operasional,,183/KM.6/WKN.07/KNL.03/2016,26/09/2016,K06203777,B1650 PQQ,-,0
44,025040199426302000KP,DITJEN PENDIS,3020102003,Mini Bus ( Penumpang 14 Orang Kebawah ),97,Baik,Hyundai New TucsonXG AT 2.0,2/12/2013,26/09/2013,"324,000,000",0,"324,000,000","324,000,000",0,1,1,Digunakan sendiri untuk operasional,,136/KM.6/WKN.07/KNL.03/2016,9/8/2016,K06266567,B 1344 PQH,-,0
45,025040199426302000KP,DITJEN PENDIS,3020102003,Mini Bus ( Penumpang 14 Orang Kebawah ),98,Baik,Toyota,11/9/2014,2/9/2014,"244,700,000",0,"244,700,000","244,700,000",0,1,1,Digunakan sendiri untuk operasional,,183/KM.6/WKN.07/KNL.03/2016,26/09/2016,L-00221531,B 1401 PQR,-,0
46,025040199426302000KP,DITJEN PENDIS,3020102003,Mini Bus ( Penumpang 14 Orang Kebawah ),99,Baik,Toyota,11/9/2014,2/9/2014,"244,700,000",0,"244,700,000","244,700,000",0,1,1,Digunakan sendiri untuk operasional,,183/KM.6/WKN.07/KNL.03/2016,26/09/2016,L-00221530,B 1400 PQR,-,0
47,025040199426302000KP,DITJEN PENDIS,3020102003,Mini Bus ( Penumpang 14 Orang Kebawah ),100,Baik,Toyota,11/9/2014,2/9/2014,"244,700,000",0,"244,700,000","244,700,000",0,1,1,Digunakan sendiri untuk operasional,,183/KM.6/WKN.07/KNL.03/2016,26/09/2016,L-00221532,B 1402 PQR,-,0
48,025040199426302000KP,DITJEN PENDIS,3020102003,Mini Bus ( Penumpang 14 Orang Kebawah ),101,Baik,Toyota,11/9/2014,2/9/2014,"244,700,000",0,"244,700,000","244,700,000",0,1,1,Digunakan sendiri untuk operasional,,183/KM.6/WKN.07/KNL.03/2016,26/09/2016,L-00221533,B 1403 PQR,-,0
49,025040199426302000KP,DITJEN PENDIS,3020102003,Mini Bus ( Penumpang 14 Orang Kebawah ),102,Baik,Toyota,11/9/2014,2/9/2014,"244,700,000",0,"244,700,000","244,700,000",0,1,1,Digunakan sendiri untuk operasional,,183/KM.6/WKN.07/KNL.03/2016,26/09/2016,L-00222834,B 1407 PQR,-,0
50,025040199426302000KP,DITJEN PENDIS,3020102003,Mini Bus ( Penumpang 14 Orang Kebawah ),103,Baik,Toyota Kijang Innova G A/T,16/12/2014,25/11/2014,"270,570,000",0,"270,570,000","270,570,000",0,1,2,Digunakan sendiri untuk operasional,,183/KM.6/WKN.07/KNL.03/2016,26/09/2016,AE3372639,B 1657 PQR,-,0
51,025040199426302000KP,DITJEN PENDIS,3020102003,Mini Bus ( Penumpang 14 Orang Kebawah ),104,Baik,Toyota Avanza Veloz,16/12/2014,28/11/2014,"174,720,000",0,"174,720,000","174,720,000",0,1,1,Digunakan sendiri untuk operasional,,183/KM.6/WKN.07/KNL.03/2016,26/09/2016,AE4022596,B 1672 PQR,-,0
52,025040199426302000KP,DITJEN PENDIS,3020102003,Mini Bus ( Penumpang 14 Orang Kebawah ),105,Baik,Nissan X-Trail CVT,16/12/2014,28/11/2014,"380,000,000",0,"380,000,000","380,000,000",0,1,1,Digunakan sendiri untuk operasional,,136/KM.6/WKN.07/KNL.03/2016,9/8/2016,AE3373143,B 1664 PQR,-,0
53,025040199426302000KP,DITJEN PENDIS,3020102003,Mini Bus ( Penumpang 14 Orang Kebawah ),106,Baik,Honda Mobilio E,16/12/2014,28/11/2014,"177,740,000",0,"177,740,000","177,740,000",0,1,1,Digunakan sendiri untuk operasional,,183/KM.6/WKN.07/KNL.03/2016,26/09/2016,AE3373132,B 1655 PQR,-,0
54,025040199426302000KP,DITJEN PENDIS,3020102003,Mini Bus ( Penumpang 14 Orang Kebawah ),107,Baik,Honda Mobilio E,16/12/2014,28/11/2014,"177,740,000",0,"177,740,000","177,740,000",0,1,1,Digunakan sendiri untuk operasional,,183/KM.6/WKN.07/KNL.03/2016,26/09/2016,AE3373134,B 1658 PQR,-,0
55,025040199426302000KP,DITJEN PENDIS,3020102003,Mini Bus ( Penumpang 14 Orang Kebawah ),108,Baik,Toyota Kijang Innova G AT,23/12/2014,15/12/2014,"270,570,000",0,"270,570,000","270,570,000",0,1,1,Digunakan sendiri untuk operasional,,183/KM.6/WKN.07/KNL.03/2016,26/09/2016,-,B 1667 PQR,-,0
56,025040199426302000KP,DITJEN PENDIS,3020102003,Mini Bus ( Penumpang 14 Orang Kebawah ),109,Baik,Ford Everest 2.5,22/12/2014,15/12/2014,"380,100,000",0,"380,100,000","380,100,000",0,1,1,Digunakan sendiri untuk operasional,,183/KM.6/WKN.07/KNL.03/2016,26/09/2016,AE4027522,B 1700 PQR,-,0
57,025040199426302000KP,DITJEN PENDIS,3020102003,Mini Bus ( Penumpang 14 Orang Kebawah ),110,Baik,Toyota Avanza 1300 G,30/06/2015,18/04/2007,"82,637,000",0,"82,637,000","82,637,000",0,1,1,Digunakan sendiri untuk operasional,,183/KM.6/WKN.07/KNL.03/2016,26/09/2016,E4684509G,B 2849 EQ,-,0
58,025040199426302000KP,DITJEN PENDIS,3020102003,Mini Bus ( Penumpang 14 Orang Kebawah ),111,Baik,Honda HR-V E CVT (VIN 2017),29/06/2018,21/05/2018,"294,096,000",0,"294,096,000","189,061,713","105,034,287",1,1,Digunakan sendiri untuk operasional,,055/KM.6/WKN.07/KNL.03/2020,9/3/2020,N08203257,B 1372 PQT,-,0
59,025040199426302000KP,DITJEN PENDIS,3020102003,Mini Bus ( Penumpang 14 Orang Kebawah ),112,Baik,All New Kijang Innova 2.0 V A/T,23/08/2018,30/07/2018,"344,640,000",0,"344,640,000","196,937,144","147,702,856",1,1,Digunakan sendiri untuk operasional,,055/KM.6/WKN.07/KNL.03/2020,9/3/2020,N08215566,B 1383 PQT,-,0
60,025040199426302000KP,DITJEN PENDIS,3020102003,Mini Bus ( Penumpang 14 Orang Kebawah ),113,Baik,All New Kijang Innova 2.0 V A/T,23/08/2018,30/07/2018,"344,640,000",0,"344,640,000","196,937,144","147,702,856",1,1,Digunakan sendiri untuk operasional,,055/KM.6/WKN.07/KNL.03/2020,9/3/2020,N08202606,B 1374 PQT,-,0
61,025040199426302000KP,DITJEN PENDIS,3020102003,Mini Bus ( Penumpang 14 Orang Kebawah ),114,Baik,All New Kijang Innova 2.0 V A/T,23/08/2018,30/07/2018,"344,640,000",0,"344,640,000","196,937,144","147,702,856",1,1,Digunakan sendiri untuk operasional,,055/KM.6/WKN.07/KNL.03/2020,9/3/2020,306222,B 1397 PQT,-,0
62,025040199426302000KP,DITJEN PENDIS,3020102003,Mini Bus ( Penumpang 14 Orang Kebawah ),115,Baik,All New Kijang Innova 2.0 V A/T,23/08/2018,30/07/2018,"344,640,000",0,"344,640,000","196,937,144","147,702,856",1,1,Digunakan sendiri untuk operasional,,055/KM.6/WKN.07/KNL.03/2020,9/3/2020,308558,B 1400 PQT,-,0
63,025040199426302000KP,DITJEN PENDIS,3020102003,Mini Bus ( Penumpang 14 Orang Kebawah ),116,Baik,All New Kijang Innova 2.0 V A/T,23/08/2018,30/07/2018,"344,640,000",0,"344,640,000","196,937,144","147,702,856",1,1,Digunakan sendiri untuk operasional,,055/KM.6/WKN.07/KNL.03/2020,9/3/2020,320611,B 1437 PQT,-,0
64,025040199426302000KP,DITJEN PENDIS,3020102003,Mini Bus ( Penumpang 14 Orang Kebawah ),117,Baik,All New Kijang Innova 2.0 V A/T,23/08/2018,30/07/2018,"344,640,000",0,"344,640,000","196,937,144","147,702,856",1,1,Digunakan sendiri untuk operasional,,055/KM.6/WKN.07/KNL.03/2020,9/3/2020,320612,B 1438 PQT,-,0
65,025040199426302000KP,DITJEN PENDIS,3020102003,Mini Bus ( Penumpang 14 Orang Kebawah ),118,Baik,All New Kijang Innova 2.0 V A/T,23/08/2018,30/07/2018,"344,640,000",0,"344,640,000","196,937,144","147,702,856",1,1,Digunakan sendiri untuk operasional,,055/KM.6/WKN.07/KNL.03/2020,9/3/2020,333151,B 1441 PQT,-,0
66,025040199426302000KP,DITJEN PENDIS,3020102003,Mini Bus ( Penumpang 14 Orang Kebawah ),119,Baik,TOYOTA ALL NEW FORTUNER 4X2 2.7 VRZ A/T,30/08/2018,30/07/2018,"496,380,000",0,"496,380,000","283,645,713","212,734,287",1,1,Digunakan sendiri untuk dinas jabatan,,055/KM.6/WKN.07/KNL.03/2020,9/3/2020,N10866640,B 1798 PQH,-,0
67,025040199426302000KP,DITJEN PENDIS,3020102003,Mini Bus ( Penumpang 14 Orang Kebawah ),120,Baik,Toyota All New Fortuner 4X2 2.7 SRZ A/T,30/08/2018,30/07/2018,"513,040,000",0,"513,040,000","293,165,713","219,874,287",1,1,Digunakan sendiri untuk dinas jabatan,,055/KM.6/WKN.07/KNL.03/2020,9/3/2020,N09468187,B 1812 PQH,-,0
68,025040199426302000KP,DITJEN PENDIS,3020102003,Mini Bus ( Penumpang 14 Orang Kebawah ),121,Baik,Toyota Inova 2.0 V M/T Lux,9/10/2019,27/09/2019,"341,460,000",0,"341,460,000","146,340,000","195,120,000",1,1,Digunakan sendiri untuk operasional,,189/KM.6/WKN.07/KNL.03/2020,4/9/2020,P.04356485,B 1020 PQF,-,0
69,025040199426302000KP,DITJEN PENDIS,3020102003,Mini Bus ( Penumpang 14 Orang Kebawah ),122,Baik,Toyota Inova 2.0 V M/T Lux,9/10/2019,27/09/2019,"341,460,000",0,"341,460,000","146,340,000","195,120,000",1,1,Digunakan sendiri untuk operasional,,189/KM.6/WKN.07/KNL.03/2020,4/9/2020,P-04356484,B 1018 PQF,-,0
70,025040199426302000KP,DITJEN PENDIS,3020102003,Mini Bus ( Penumpang 14 Orang Kebawah ),123,Baik,FORTUNER 2.8 VRZ GR-S 4x2 A/T,28/07/2022,28/07/2022,"600,500,000",0,"600,500,000",0,"600,500,000",1,2,Digunakan sendiri untuk dinas jabatan,,-,,-,B 1297 PQI,-,0
71,025040199426302000KP,DITJEN PENDIS,3020104001,Sepeda Motor,2,Baik,HONDA G MAX,31/12/2007,6/6/1997,"4,500,000",0,"4,500,000","4,500,000",0,1,1,Digunakan sendiri untuk operasional,,160/KM.6/WKN.07/KNL.03/2018,18/09/2018,A6385480G,B 3699 EQ,-,0
72,025040199426302000KP,DITJEN PENDIS,3020104001,Sepeda Motor,3,Rusak Ringan,YAMAHA KRIPTON,31/12/2007,6/6/1997,"2,200,000",0,"2,200,000","2,200,000",0,1,1,Digunakan sendiri untuk operasional,,-,,B 0061398 G,B. 3345 EQ,-,0
73,025040199426302000KP,DITJEN PENDIS,3020104001,Sepeda Motor,4,Baik,HONDA,31/12/2007,6/6/2003,"5,900,000",0,"5,900,000","5,900,000",0,1,0,Digunakan sendiri untuk operasional,,104 TH 2021,9/6/2021,A8295512G,B 4786 KQ,-,0
74,025040199426302000KP,DITJEN PENDIS,3020104001,Sepeda Motor,5,Baik,HONDA,31/12/2007,6/6/1997,"4,400,000",0,"4,400,000","4,400,000",0,1,0,Digunakan sendiri untuk operasional,,-,,A7220836G,B 5581 HQ,-,0
75,025040199426302000KP,DITJEN PENDIS,3020104001,Sepeda Motor,6,Baik,HONDA,31/12/2007,6/6/2003,"5,900,000",0,"5,900,000","5,900,000",0,1,1,Digunakan sendiri untuk operasional,,-,,A8309841G,B 4788 KQ,-,0
76,025040199426302000KP,DITJEN PENDIS,3020104001,Sepeda Motor,7,Baik,honda,31/12/2007,16/02/1999,"5,670,000",0,"5,670,000","5,670,000",0,1,0,Digunakan sendiri untuk operasional,,-,,8300517 G,B 4005 LQ,-,0
77,025040199426302000KP,DITJEN PENDIS,3020104001,Sepeda Motor,9,Rusak Berat,Honda,31/12/2007,27/11/1998,"4,700,000",0,"4,700,000","4,700,000",0,1,1,Digunakan sendiri untuk operasional,,104 TH 2021,9/6/2021,A8293684G,B. 4795 KQ,-,0
78,025040199426302000KP,DITJEN PENDIS,3020104001,Sepeda Motor,10,Baik,Honda,31/12/2007,27/11/1998,"4,700,000",0,"4,700,000","4,700,000",0,1,0,Digunakan sendiri untuk operasional,,-,,8293658 G,B. 4790 KQ,-,0
79,025040199426302000KP,DITJEN PENDIS,3020104001,Sepeda Motor,11,Rusak Berat,Honda,31/12/2007,30/10/2001,"7,890,000",0,"7,890,000","7,890,000",0,1,0,Digunakan sendiri untuk operasional,,-,,C0561854G,B. 4793 PQ,-,0
80,025040199426302000KP,DITJEN PENDIS,3020104001,Sepeda Motor,12,Rusak Berat,Honda,31/12/2007,4/8/1997,"5,400,000",0,"5,400,000","5,400,000",0,1,1,Digunakan sendiri untuk operasional,,104 TH 2021,9/6/2021,6385496 G,B. 3700EQ,-,0
81,025040199426302000KP,DITJEN PENDIS,3020104001,Sepeda Motor,13,Rusak Ringan,Honda,31/12/2007,4/8/1997,"5,400,000",0,"5,400,000","5,400,000",0,1,1,Digunakan sendiri untuk operasional,,-,,63854856 G,B. 3705 EQ,-,0
82,025040199426302000KP,DITJEN PENDIS,3020104001,Sepeda Motor,14,Rusak Ringan,Honda,31/12/2007,27/11/1998,"4,700,000",0,"4,700,000","4,700,000",0,1,0,Digunakan sendiri untuk operasional,,104 TH 2021,9/6/2021,8293686 G,B. 4794 KQ,-,0
83,025040199426302000KP,DITJEN PENDIS,3020104001,Sepeda Motor,16,Rusak Berat,Honda,31/12/2007,31/12/1999,"4,100,000",0,"4,100,000","4,100,000",0,1,3,Digunakan sendiri untuk operasional,,-,,8309763,B. 4499 LQ,-,0
84,025040199426302000KP,DITJEN PENDIS,3020104001,Sepeda Motor,17,Rusak Berat,Honda,31/12/2007,12/1/2001,"7,890,000",0,"7,890,000","7,890,000",0,1,0,Digunakan sendiri untuk operasional,,-,,0245748 G,B. 4420 PQ,-,0
85,025040199426302000KP,DITJEN PENDIS,3020104001,Sepeda Motor,18,Rusak Berat,Honda,31/12/2007,30/10/2001,"5,000,000",0,"5,000,000","5,000,000",0,1,1,Digunakan sendiri untuk operasional,,104 TH 2021,9/6/2021,0561892 G,B. 4747 PQ,-,0
86,025040199426302000KP,DITJEN PENDIS,3020104001,Sepeda Motor,19,Baik,Honda,31/12/2007,27/11/1998,"4,700,000",0,"4,700,000","4,700,000",0,1,1,Digunakan sendiri untuk operasional,,-,,A8293682G,B. 4796 KQ,-,0
87,025040199426302000KP,DITJEN PENDIS,3020104001,Sepeda Motor,20,Baik,Honda,31/12/2007,27/11/1998,"4,700,000",0,"4,700,000","4,700,000",0,1,1,Digunakan sendiri untuk operasional,,-,,8293656 G,B. 4791 KQ,-,0
88,025040199426302000KP,DITJEN PENDIS,3020104001,Sepeda Motor,22,Baik,Honda,31/12/2007,20/08/2006,"12,000,000",0,"12,000,000","12,000,000",0,1,1,Digunakan sendiri untuk operasional,,160/KM.6/WKN.07/KNL.03/2018,18/09/2018,1125534 E,B 6526 PD,-,0
89,025040199426302000KP,DITJEN PENDIS,3020104001,Sepeda Motor,23,Rusak Berat,Honda,31/12/2007,23/04/1999,"3,800,000",0,"3,800,000","3,800,000",0,1,1,Digunakan sendiri untuk operasional,,104 TH 2021,9/6/2021,A 8310025 G,B. 4468 LQ,-,0
90,025040199426302000KP,DITJEN PENDIS,3020104001,Sepeda Motor,24,Baik,Honda,31/12/2007,27/11/1998,"4,700,000",0,"4,700,000","4,700,000",0,1,0,Digunakan sendiri untuk operasional,,-,,8293666 G,B. 4785 KQ,-,0
91,025040199426302000KP,DITJEN PENDIS,3020104001,Sepeda Motor,25,Baik,Honda,31/12/2007,23/04/1999,"3,500,000",0,"3,500,000","3,500,000",0,1,0,Digunakan sendiri untuk operasional,,-,,8309816 G,B. 4497 LQ,-,0
92,025040199426302000KP,DITJEN PENDIS,3020104001,Sepeda Motor,26,Baik,Honda,31/12/2007,23/04/1999,"4,000,000",0,"4,000,000","4,000,000",0,1,1,Digunakan sendiri untuk operasional,,104 TH 2021,9/6/2021,A8309758G,B. 4493 LQ,-,0
93,025040199426302000KP,DITJEN PENDIS,3020104001,Sepeda Motor,27,Baik,honda,31/12/2007,23/04/1999,"3,000,000",0,"3,000,000","3,000,000",0,1,0,Digunakan sendiri untuk operasional,,104 TH 2021,9/6/2021,A 8309649 G,B 4849 LQ,-,0
94,025040199426302000KP,DITJEN PENDIS,3020104001,Sepeda Motor,28,Baik,HONDA,31/12/2007,23/04/1999,"6,000,000",0,"6,000,000","6,000,000",0,1,0,Digunakan sendiri untuk operasional,,-,,8309909 G,B 4892 LQ.,-,0
95,025040199426302000KP,DITJEN PENDIS,3020104001,Sepeda Motor,29,Baik,HONDA,31/12/2007,23/04/1999,"6,000,000",0,"6,000,000","6,000,000",0,1,0,Digunakan sendiri untuk operasional,,-,,8309616 G,B4902 LQ,-,0
96,025040199426302000KP,DITJEN PENDIS,3020104001,Sepeda Motor,30,Baik,HONDA,31/12/2007,23/04/1999,"6,000,000",0,"6,000,000","6,000,000",0,1,0,Digunakan sendiri untuk operasional,,-,,8309856 G,B 4921 LQ,-,0
97,025040199426302000KP,DITJEN PENDIS,3020104001,Sepeda Motor,31,Baik,HONDA,31/12/2007,23/04/1999,"5,000,000",0,"5,000,000","5,000,000",0,1,0,Digunakan sendiri untuk operasional,,-,,8309858 G,B 4919 LQ.,-,0
98,025040199426302000KP,DITJEN PENDIS,3020104001,Sepeda Motor,32,Baik,HONDA,31/12/2007,30/10/2001,"5,000,000",0,"5,000,000","5,000,000",0,1,0,Digunakan sendiri untuk operasional,,-,,0561898 G,B 4745  PQ,-,0
99,025040199426302000KP,DITJEN PENDIS,3020104001,Sepeda Motor,33,Baik,HONDA,31/12/2007,1/12/1997,"3,000,000",0,"3,000,000","3,000,000",0,1,1,Digunakan sendiri untuk operasional,,236/KM.6/WKN.07/KNL.03/2016,25/11/2016,E.7358978 G,B 6858 PGQ,-,0
100,025040199426302000KP,DITJEN PENDIS,3020104001,Sepeda Motor,34,Baik,SUPRA X-124 CW,31/12/2007,25/10/2007,"14,963,000",0,"14,963,000","14,963,000",0,1,1,Digunakan sendiri untuk operasional,,160/KM.6/WKN.07/KNL.03/2018,18/09/2018,E 8450717G,B 6962 PGQ,-,0
101,025040199426302000KP,DITJEN PENDIS,3020104001,Sepeda Motor,35,Baik,SUPRA X-125 CW,31/12/2007,25/10/2007,"14,963,000",0,"14,963,000","14,963,000",0,1,0,Digunakan sendiri untuk operasional,,-,,D.2149352,B 6822 PBQ,-,0
102,025040199426302000KP,DITJEN PENDIS,3020104001,Sepeda Motor,37,Baik,SUPRA X-124 CW,31/12/2007,25/10/2007,"14,963,000",0,"14,963,000","14,963,000",0,1,1,Digunakan sendiri untuk operasional,,160/KM.6/WKN.07/KNL.03/2018,18/09/2018,E 7360054 G,B 6888 PGQ,-,0
103,025040199426302000KP,DITJEN PENDIS,3020104001,Sepeda Motor,38,Baik,Honda,31/12/2007,27/09/2007,"16,246,279",0,"16,246,279","16,246,279",0,1,1,Digunakan sendiri untuk operasional,,160/KM.6/WKN.07/KNL.03/2018,18/09/2018,E7358672G,B 6840 PGQ,-,0
104,025040199426302000KP,DITJEN PENDIS,3020104001,Sepeda Motor,39,Baik,Honda,31/12/2007,27/09/2007,"16,246,279",0,"16,246,279","16,246,279",0,1,1,Digunakan sendiri untuk operasional,,160/KM.6/WKN.07/KNL.03/2018,18/09/2018,E 7358488 G,B 6834 PGQ,-,0
105,025040199426302000KP,DITJEN PENDIS,3020104001,Sepeda Motor,40,Baik,Honda,31/12/2007,27/09/2007,"16,246,279",0,"16,246,279","16,246,279",0,1,1,Digunakan sendiri untuk operasional,,104 TH 2021,9/6/2021,E 7359801 G,B 6850 PGQ,-,0
106,025040199426302000KP,DITJEN PENDIS,3020104001,Sepeda Motor,41,Baik,Honda,31/12/2007,27/09/2007,"16,246,279",0,"16,246,279","16,246,279",0,1,0,Digunakan sendiri untuk operasional,,104 TH 2021,9/6/2021,E8186296 G,B 6875 PGQ,-,0
107,025040199426302000KP,DITJEN PENDIS,3020104001,Sepeda Motor,42,Baik,Honda,31/12/2007,27/09/2007,"16,246,279",0,"16,246,279","16,246,279",0,1,0,Digunakan sendiri untuk operasional,,104 TH 2021,9/6/2021,E 7359912 G,B 6877 PGQ,-,0
108,025040199426302000KP,DITJEN PENDIS,3020104001,Sepeda Motor,43,Baik,Honda,31/12/2007,27/09/2007,"16,246,279",0,"16,246,279","16,246,279",0,1,1,Digunakan sendiri untuk operasional,,104 TH 2021,9/6/2021,E 7358674 G,B 6833 PGQ,-,0
109,025040199426302000KP,DITJEN PENDIS,3020104001,Sepeda Motor,44,Rusak Berat,Honda,31/12/2007,27/09/2007,"16,246,279",0,"16,246,279","16,246,279",0,1,1,Digunakan sendiri untuk operasional,,160/KM.6/WKN.07/KNL.03/2018,18/09/2018,E 7358876 G,B 6863 PGQ,-,0
110,025040199426302000KP,DITJEN PENDIS,3020104001,Sepeda Motor,45,Rusak Berat,Honda,31/12/2007,27/09/2007,"16,246,279",0,"16,246,279","16,246,279",0,1,1,Digunakan sendiri untuk operasional,,236/KM.6/WKN.07/KNL.03/2016,25/11/2016,E 7358423G,B 6870 PGQ,-,0
111,025040199426302000KP,DITJEN PENDIS,3020104001,Sepeda Motor,46,Baik,Honda,31/12/2007,27/09/2007,"16,246,279",0,"16,246,279","16,246,279",0,1,3,Digunakan sendiri untuk operasional,,236/KM.6/WKN.07/KNL.03/2016,25/11/2016,E 7260048 G,B 6878 PGQ,-,0
112,025040199426302000KP,DITJEN PENDIS,3020104001,Sepeda Motor,47,Baik,Honda,31/12/2007,27/09/2007,"16,246,279",0,"16,246,279","16,246,279",0,1,0,Digunakan sendiri untuk operasional,,-,,E 7359864 G,B 6879 PGQ,-,0
113,025040199426302000KP,DITJEN PENDIS,3020104001,Sepeda Motor,48,Baik,Honda,31/12/2007,27/09/2007,"16,246,279",0,"16,246,279","16,246,279",0,1,1,Digunakan sendiri untuk operasional,,236/KM.6/WKN.07/KNL.03/2016,25/11/2016,E 8645457 G,B 6831 PGQ,-,0
114,025040199426302000KP,DITJEN PENDIS,3020104001,Sepeda Motor,49,Baik,Honda,31/12/2007,27/09/2007,"16,246,279",0,"16,246,279","16,246,279",0,1,0,Digunakan sendiri untuk operasional,,-,,E 7359796 G,B 6848 PGQ,-,0
115,025040199426302000KP,DITJEN PENDIS,3020104001,Sepeda Motor,50,Baik,Honda,31/12/2007,27/09/2007,"16,246,279",0,"16,246,279","16,246,279",0,1,1,Digunakan sendiri untuk operasional,,236/KM.6/WKN.07/KNL.03/2016,25/11/2016,E 7358977 G,B 6836 PGQ,-,0
116,025040199426302000KP,DITJEN PENDIS,3020104001,Sepeda Motor,51,Baik,Honda,31/12/2007,27/09/2007,"16,246,279",0,"16,246,279","16,246,279",0,1,1,Digunakan sendiri untuk operasional,,160/KM.6/WKN.07/KNL.03/2018,18/09/2018,E 7359189 G,B 6838 PGQ,-,0
117,025040199426302000KP,DITJEN PENDIS,3020104001,Sepeda Motor,52,Baik,Honda,31/12/2007,27/09/2007,"16,246,279",0,"16,246,279","16,246,279",0,1,0,Digunakan sendiri untuk operasional,,-,,E7360050 G,B 6886 PGQ,-,0
118,025040199426302000KP,DITJEN PENDIS,3020104001,Sepeda Motor,53,Baik,Honda,31/12/2007,27/09/2007,"16,246,279",0,"16,246,279","16,246,279",0,1,0,Digunakan sendiri untuk operasional,,104 TH 2021,9/6/2021,E 7360055 G,B 6876 PGQ,-,0
119,025040199426302000KP,DITJEN PENDIS,3020104001,Sepeda Motor,54,Baik,Honda,31/12/2007,27/09/2007,"16,246,279",0,"16,246,279","16,246,279",0,1,1,Digunakan sendiri untuk operasional,,236/KM.6/WKN.07/KNL.03/2016,25/11/2016,E 7359842 G,B 6883 PGQ,-,0
120,025040199426302000KP,DITJEN PENDIS,3020104001,Sepeda Motor,55,Baik,Honda,31/12/2007,27/09/2007,"16,246,279",0,"16,246,279","16,246,279",0,1,1,Digunakan sendiri untuk operasional,,236/KM.6/WKN.07/KNL.03/2016,25/11/2016,E 7358673 G,B 6844 PGQ,-,0
121,025040199426302000KP,DITJEN PENDIS,3020104001,Sepeda Motor,56,Baik,Honda,31/12/2007,27/09/2007,"16,246,279",0,"16,246,279","16,246,279",0,1,1,Digunakan sendiri untuk operasional,,236/KM.6/WKN.07/KNL.03/2016,25/11/2016,E 7358084 G,B 6842 PGQ,-,0
122,025040199426302000KP,DITJEN PENDIS,3020104001,Sepeda Motor,57,Baik,Honda,31/12/2007,27/09/2007,"16,246,279",0,"16,246,279","16,246,279",0,1,1,Digunakan sendiri untuk operasional,,160/KM.6/WKN.07/KNL.03/2018,18/09/2018,E 8450715 G,B 6963 PGQ,-,0
123,025040199426302000KP,DITJEN PENDIS,3020104001,Sepeda Motor,58,Baik,Honda,31/12/2007,27/09/2007,"16,246,279",0,"16,246,279","16,246,279",0,1,0,Digunakan sendiri untuk operasional,,104 TH 2021,9/6/2021,E 7358019 G,B 6861 PGQ,-,0
124,025040199426302000KP,DITJEN PENDIS,3020104001,Sepeda Motor,59,Baik,Honda,31/12/2007,27/09/2007,"16,246,279",0,"16,246,279","16,246,279",0,1,1,Digunakan sendiri untuk operasional,,104 TH 2021,9/6/2021,E 7360031 G,B 6869 PGQ,-,0
125,025040199426302000KP,DITJEN PENDIS,3020104001,Sepeda Motor,60,Baik,Honda,31/12/2007,27/09/2007,"16,246,279",0,"16,246,279","16,246,279",0,1,1,Digunakan sendiri untuk operasional,,236/KM.6/WKN.07/KNL.03/2016,25/11/2016,E 7359833 G,B 6868 PGQ,-,0
126,025040199426302000KP,DITJEN PENDIS,3020104001,Sepeda Motor,61,Baik,Honda,31/12/2007,27/09/2007,"16,246,279",0,"16,246,279","16,246,279",0,1,1,Digunakan sendiri untuk operasional,,104 TH 2021,9/6/2021,E 8662202G,B 6687 PIQ,-,0
127,025040199426302000KP,DITJEN PENDIS,3020104001,Sepeda Motor,62,Baik,Honda,31/12/2007,27/09/2007,"16,246,279",0,"16,246,279","16,246,279",0,1,1,Digunakan sendiri untuk operasional,,236/KM.6/WKN.07/KNL.03/2016,25/11/2016,E 7358069 G,B 6860 PGQ,-,0
128,025040199426302000KP,DITJEN PENDIS,3020104001,Sepeda Motor,63,Baik,Honda,31/12/2007,27/09/2007,"16,246,279",0,"16,246,279","16,246,279",0,1,1,Digunakan sendiri untuk operasional,,236/KM.6/WKN.07/KNL.03/2016,25/11/2016,E. 7359837 G,B.6872 PGQ,-,0
129,025040199426302000KP,DITJEN PENDIS,3020104001,Sepeda Motor,64,Rusak Berat,Honda,31/12/2007,27/09/2007,"16,246,279",0,"16,246,279","16,246,279",0,1,1,Digunakan sendiri untuk operasional,,236/KM.6/WKN.07/KNL.03/2016,25/11/2016,E 7358975 G,B.6846 PGQ,-,0
130,025040199426302000KP,DITJEN PENDIS,3020104001,Sepeda Motor,65,Baik,Honda,31/12/2007,27/09/2007,"16,246,279",0,"16,246,279","16,246,279",0,1,1,Digunakan sendiri untuk operasional,,236/KM.6/WKN.07/KNL.03/2016,25/11/2016,E 7358843 G,B 6881 PGQ,-,0
131,025040199426302000KP,DITJEN PENDIS,3020104001,Sepeda Motor,66,Baik,Honda,31/12/2007,27/09/2007,"16,246,279",0,"16,246,279","16,246,279",0,1,0,Digunakan sendiri untuk operasional,,-,,E. 8662347 G,B 6686 PIQ,-,0
132,025040199426302000KP,DITJEN PENDIS,3020104001,Sepeda Motor,67,Baik,Honda,31/12/2007,27/09/2007,"16,246,279",0,"16,246,279","16,246,279",0,1,0,Digunakan sendiri untuk operasional,,104 TH 2021,9/6/2021,E 7359836 G,B 6880 PGQ,-,0
133,025040199426302000KP,DITJEN PENDIS,3020104001,Sepeda Motor,68,Baik,Honda,31/12/2007,27/09/2007,"16,246,279",0,"16,246,279","16,246,279",0,1,2,Digunakan sendiri untuk operasional,,160/KM.6/WKN.07/KNL.03/2018,18/09/2018,E 8662818 G,B 6091 PJQ,-,0
134,025040199426302000KP,DITJEN PENDIS,3020104001,Sepeda Motor,69,Baik,Honda,31/12/2007,27/09/2007,"16,246,279",0,"16,246,279","16,246,279",0,1,0,Digunakan sendiri untuk operasional,,104 TH 2021,9/6/2021,E 7360052 G,B 6867 PGQ,-,0
135,025040199426302000KP,DITJEN PENDIS,3020104001,Sepeda Motor,70,Baik,Honda,31/12/2007,27/09/2007,"16,246,279",0,"16,246,279","16,246,279",0,1,2,Digunakan sendiri untuk operasional,,236/KM.6/WKN.07/KNL.03/2016,25/11/2016,E8662818 G,B 6091 PJQ,-,0
136,025040199426302000KP,DITJEN PENDIS,3020104001,Sepeda Motor,71,Baik,Honda,31/12/2007,27/09/2007,"16,246,279",0,"16,246,279","16,246,279",0,1,1,Digunakan sendiri untuk operasional,,236/KM.6/WKN.07/KNL.03/2016,25/11/2016,E7358433 G,B 6865 PGQ,-,0
137,025040199426302000KP,DITJEN PENDIS,3020104001,Sepeda Motor,72,Baik,Honda,31/12/2007,27/09/2007,"16,246,279",0,"16,246,279","16,246,279",0,1,1,Digunakan sendiri untuk operasional,,236/KM.6/WKN.07/KNL.03/2016,25/11/2016,E7358083G,B 6866 PGQ,-,0
138,025040199426302000KP,DITJEN PENDIS,3020104001,Sepeda Motor,73,Baik,Honda,31/12/2007,27/09/2007,"16,246,279",0,"16,246,279","16,246,279",0,1,0,Digunakan sendiri untuk operasional,,-,,E 7359841 G,B 6882 PGQ,-,0
139,025040199426302000KP,DITJEN PENDIS,3020104001,Sepeda Motor,74,Baik,Honda,31/12/2007,27/09/2007,"16,246,279",0,"16,246,279","16,246,279",0,1,1,Digunakan sendiri untuk operasional,,104 TH 2021,9/6/2021,E.8663983 G,B 6090 PJQ,-,0
140,025040199426302000KP,DITJEN PENDIS,3020104001,Sepeda Motor,75,Baik,Honda,31/12/2007,27/09/2007,"16,246,279",0,"16,246,279","16,246,279",0,1,0,Digunakan sendiri untuk operasional,,104 TH 2021,9/6/2021,E 7359832 G,B 6874 PGQ,-,0
141,025040199426302000KP,DITJEN PENDIS,3020104001,Sepeda Motor,76,Baik,Honda,31/12/2007,27/09/2007,"16,246,279",0,"16,246,279","16,246,279",0,1,1,Digunakan sendiri untuk operasional,,236/KM.6/WKN.07/KNL.03/2016,25/11/2016,E 7360053 G,B 6871 PGQ,-,0
142,025040199426302000KP,DITJEN PENDIS,3020104001,Sepeda Motor,77,Baik,Honda,31/12/2007,27/09/2007,"16,246,279",0,"16,246,279","16,246,279",0,1,1,Digunakan sendiri untuk operasional,,236/KM.6/WKN.07/KNL.03/2016,25/11/2016,E 7358486 G,B 6852 PGQ,-,0
143,025040199426302000KP,DITJEN PENDIS,3020104001,Sepeda Motor,78,Baik,Honda,31/12/2007,27/09/2007,"16,246,279",0,"16,246,279","16,246,279",0,1,1,Digunakan sendiri untuk operasional,,236/KM.6/WKN.07/KNL.03/2016,25/11/2016,E 7359723 G,B 6873 PGQ,-,0
144,025040199426302000KP,DITJEN PENDIS,3020104001,Sepeda Motor,79,Baik,Honda,31/12/2007,27/09/2007,"16,246,279",0,"16,246,279","16,246,279",0,1,1,Digunakan sendiri untuk operasional,,236/KM.6/WKN.07/KNL.03/2016,25/11/2016,E 7358087 G,B 6856 PGQ,-,0
145,025040199426302000KP,DITJEN PENDIS,3020104001,Sepeda Motor,80,Rusak Berat,Honda,31/12/2007,27/09/2007,"16,246,279",0,"16,246,279","16,246,279",0,1,1,Digunakan sendiri untuk operasional,,236/KM.6/WKN.07/KNL.03/2016,25/11/2016,E 7360051 G,B 6884 PGQ,-,0
146,025040199426302000KP,DITJEN PENDIS,3020104001,Sepeda Motor,82,Baik,HONDA,1/1/2008,27/09/2007,"16,246,279",0,"16,246,279","16,246,279",0,1,0,Digunakan sendiri untuk operasional,,-,,E 2149328 G,B 6821 PBQ,-,0
147,025040199426302000KP,DITJEN PENDIS,3020104001,Sepeda Motor,83,Baik,HONDA-,1/1/2008,27/09/2007,"16,246,279",0,"16,246,279","16,246,279",0,1,0,Digunakan sendiri untuk operasional,,160/KM.6/WKN.07/KNL.03/2018,18/09/2018,E 2149330 G,B 6842 PGQ,-,0
148,025040199426302000KP,DITJEN PENDIS,3020104001,Sepeda Motor,85,Baik,HONDA-,1/1/2008,27/09/2007,"16,246,279",0,"16,246,279","16,246,279",0,1,0,Digunakan sendiri untuk operasional,,104 TH 2021,9/6/2021,E 7358974  G,B 6862 PGQ,-,0
149,025040199426302000KP,DITJEN PENDIS,3020104001,Sepeda Motor,86,Baik,HONDA,1/1/2008,27/09/2007,"16,246,279",0,"16,246,279","16,246,279",0,1,0,Digunakan sendiri untuk operasional,,-,,E214933 G,B 6832 PBQ,-,0
150,025040199426302000KP,DITJEN PENDIS,3020104001,Sepeda Motor,87,Baik,HONDA,1/1/2008,27/09/2007,"16,246,279",0,"16,246,279","16,246,279",0,1,1,Digunakan sendiri untuk operasional,,236/KM.6/WKN.07/KNL.03/2016,25/11/2016,E 735848 G,B 6864 PGQ,-,0
151,025040199426302000KP,DITJEN PENDIS,3020104001,Sepeda Motor,88,Baik,HONDA,1/1/2008,27/09/2007,"16,246,279",0,"16,246,279","16,246,279",0,1,0,Digunakan sendiri untuk operasional,,-,,E 214934 G,B 6829 PBQ,-,0
152,025040199426302000KP,DITJEN PENDIS,3020104001,Sepeda Motor,89,Baik,HONDA,1/1/2008,27/09/2007,"16,246,279",0,"16,246,279","16,246,279",0,1,0,Digunakan sendiri untuk operasional,,-,,E 8195575 G,B. 6715 JQ,-,0
153,025040199426302000KP,DITJEN PENDIS,3020104001,Sepeda Motor,90,Baik,HONDA,1/1/2008,27/09/2007,"16,246,279",0,"16,246,279","16,246,279",0,1,0,Digunakan sendiri untuk operasional,,104 TH 2021,9/6/2021,E 8095575 G,B 6903 PGQ,-,0
154,025040199426302000KP,DITJEN PENDIS,3020104001,Sepeda Motor,91,Baik,Honda Spacy Helm In Injecti,27/09/2012,27/06/2012,"12,068,000",0,"12,068,000","12,068,000",0,1,1,Digunakan sendiri untuk operasional,,160/KM.6/WKN.07/KNL.03/2018,18/09/2018,9B49066X221AW,B 6798 PSQ,-,0
155,025040199426302000KP,DITJEN PENDIS,3020104001,Sepeda Motor,92,Baik,Honda Spacy Helm In Injecti,27/09/2012,27/06/2012,"12,068,000",0,"12,068,000","12,068,000",0,1,0,Digunakan sendiri untuk operasional,,104 TH 2021,9/6/2021,J-00499643,B 6797 PSQ,-,0
156,025040199426302000KP,DITJEN PENDIS,3020104001,Sepeda Motor,93,Baik,Honda Spacy Helm In Injecti,27/09/2012,27/06/2012,"12,068,000",0,"12,068,000","12,068,000",0,1,1,Digunakan sendiri untuk operasional,,160/KM.6/WKN.07/KNL.03/2018,18/09/2018,9B49066X121AW,B 6796 PSQ,-,0
157,025040199426302000KP,DITJEN PENDIS,3020104001,Sepeda Motor,94,Baik,Honda Spacy Helm In Injecti,27/09/2012,27/06/2012,"12,068,000",0,"12,068,000","12,068,000",0,1,1,Digunakan sendiri untuk operasional,,160/KM.6/WKN.07/KNL.03/2018,18/09/2018,9B49066X221NW,B 6795 PSQ,-,0
158,025040199426302000KP,DITJEN PENDIS,3020104001,Sepeda Motor,95,Baik,Honda Spacy Helm In Injecti,27/09/2012,27/06/2012,"12,068,000",0,"12,068,000","12,068,000",0,1,0,Digunakan sendiri untuk operasional,,-,,9B49066X221AW,B 6794 PSQ,-,0
159,025040199426302000KP,DITJEN PENDIS,3020104001,Sepeda Motor,96,Baik,Honda Spacy Helm In Injecti,27/09/2012,27/06/2012,"12,068,000",0,"12,068,000","12,068,000",0,1,1,Digunakan sendiri untuk operasional,,160/KM.6/WKN.07/KNL.03/2018,18/09/2018,9B49066X121NW,B 6793 PSQ,-,0
160,025040199426302000KP,DITJEN PENDIS,3020104001,Sepeda Motor,97,Baik,Honda Spacy Helm In Injecti,27/09/2012,27/06/2012,"12,068,000",0,"12,068,000","12,068,000",0,1,1,Digunakan sendiri untuk operasional,,160/KM.6/WKN.07/KNL.03/2018,18/09/2018,9B49066X121AW,B 6792 PSQ,-,0
161,025040199426302000KP,DITJEN PENDIS,3020104001,Sepeda Motor,98,Baik,Honda Spacy Helm In Injecti,27/09/2012,27/06/2012,"12,068,000",0,"12,068,000","12,068,000",0,1,1,Digunakan sendiri untuk operasional,,160/KM.6/WKN.07/KNL.03/2018,18/09/2018,9B49066X121NW,B 6791 PSQ,-,0
162,025040199426302000KP,DITJEN PENDIS,3020104001,Sepeda Motor,99,Baik,Honda Spacy Helm In Injecti,27/09/2012,27/06/2012,"12,068,000",0,"12,068,000","12,068,000",0,1,4,Digunakan sendiri untuk operasional,,-,,9B49066X221AW,B 6790 PSQ,-,0
163,025040199426302000KP,DITJEN PENDIS,3020104001,Sepeda Motor,100,Baik,Honda Spacy Helm In Injecti,27/09/2012,27/06/2012,"12,068,000",0,"12,068,000","12,068,000",0,1,1,Digunakan sendiri untuk operasional,,160/KM.6/WKN.07/KNL.03/2018,18/09/2018,9B49066X121AW,B 6788 PSQ,-,0
164,025040199426302000KP,DITJEN PENDIS,3020104001,Sepeda Motor,101,Baik,Honda Spacy Helm In Injecti,27/09/2012,27/06/2012,"12,068,000",0,"12,068,000","12,068,000",0,1,1,Digunakan sendiri untuk operasional,,160/KM.6/WKN.07/KNL.03/2018,18/09/2018,9B49066X121NW,B 6429 PSQ,-,0
165,025040199426302000KP,DITJEN PENDIS,3020104001,Sepeda Motor,102,Baik,Honda New Blade Repsol,27/09/2012,27/06/2012,"13,526,500",0,"13,526,500","13,526,500",0,1,1,Digunakan sendiri untuk operasional,,160/KM.6/WKN.07/KNL.03/2018,18/09/2018,9B49066PZ21NW,B 6519 PSQ,-,0
166,025040199426302000KP,DITJEN PENDIS,3020104001,Sepeda Motor,103,Baik,Honda New Blade Repsol,27/09/2012,27/06/2012,"13,526,500",0,"13,526,500","13,526,500",0,1,0,Digunakan sendiri untuk operasional,,-,,9B49066PZ21NW,B 6517 PSQ,-,0
167,025040199426302000KP,DITJEN PENDIS,3020104001,Sepeda Motor,104,Baik,Honda New Blade Repsol,27/09/2012,27/06/2012,"13,526,500",0,"13,526,500","13,526,500",0,1,3,Digunakan sendiri untuk operasional,,236/KM.6/WKN.07/KNL.03/2016,25/11/2016,9B49066PZ21AW,B 6516 PSQ,-,0
168,025040199426302000KP,DITJEN PENDIS,3020104001,Sepeda Motor,105,Baik,Honda New Blade Repsol,27/09/2012,27/06/2012,"13,526,500",0,"13,526,500","13,526,500",0,1,1,Digunakan sendiri untuk operasional,,160/KM.6/WKN.07/KNL.03/2018,18/09/2018,9B49066PZ21NW,B 6515 PSQ,-,0
169,025040199426302000KP,DITJEN PENDIS,3020104001,Sepeda Motor,106,Baik,Honda New Blade Repsol,27/09/2012,27/06/2012,"13,526,500",0,"13,526,500","13,526,500",0,1,0,Digunakan sendiri untuk operasional,,-,,I-11886018,B 6514 PSQ,-,0
170,025040199426302000KP,DITJEN PENDIS,3020104001,Sepeda Motor,107,Baik,Honda New Blade Repsol,27/09/2012,27/06/2012,"13,526,500",0,"13,526,500","13,526,500",0,1,1,Digunakan sendiri untuk operasional,,160/KM.6/WKN.07/KNL.03/2018,18/09/2018,9B49066PZ21AW,B 6518 PSQ,-,0
171,025040199426302000KP,DITJEN PENDIS,3020104001,Sepeda Motor,108,Baik,Honda Spacy Helm In Injecti,29/10/2012,22/08/2012,"12,068,000",0,"12,068,000","12,068,000",0,1,1,Digunakan sendiri untuk operasional,,160/KM.6/WKN.07/KNL.03/2018,18/09/2018,9B49066X121NW,B 6428 PSQ,-,0
172,025040199426302000KP,DITJEN PENDIS,3020104001,Sepeda Motor,109,Baik,Honda Spacy Helm In Injecti,29/10/2012,22/08/2012,"12,068,000",0,"12,068,000","12,068,000",0,1,1,Digunakan sendiri untuk operasional,,160/KM.6/WKN.07/KNL.03/2018,18/09/2018,9B49066X121NW,B 6427 PSQ,-,0
173,025040199426302000KP,DITJEN PENDIS,3020104001,Sepeda Motor,110,Baik,Honda Spacy Helm In Injecti,29/10/2012,22/08/2012,"12,068,000",0,"12,068,000","12,068,000",0,1,1,Digunakan sendiri untuk operasional,,160/KM.6/WKN.07/KNL.03/2018,18/09/2018,9B49066X121NW,B 6426 PSQ,-,0
174,025040199426302000KP,DITJEN PENDIS,3020104001,Sepeda Motor,111,Baik,Honda Spacy Helm In Injecti,29/10/2012,22/08/2012,"12,068,000",0,"12,068,000","12,068,000",0,1,1,Digunakan sendiri untuk operasional,,-,,9B49066X121NW,B 6425 PSQ,-,0
175,025040199426302000KP,DITJEN PENDIS,3020104001,Sepeda Motor,112,Baik,Honda Spacy Helm In Injecti,29/10/2012,22/08/2012,"12,068,000",0,"12,068,000","12,068,000",0,1,1,Digunakan sendiri untuk operasional,,-,,9B49066X121NW,B 6424 PSQ,-,0
176,025040199426302000KP,DITJEN PENDIS,3020104001,Sepeda Motor,113,Baik,Honda Spacy Helm In Injecti,29/10/2012,22/08/2012,"12,068,000",0,"12,068,000","12,068,000",0,1,1,Digunakan sendiri untuk operasional,,160/KM.6/WKN.07/KNL.03/2018,18/09/2018,9B49066X121NW,B 6423 PSQ,-,0
177,025040199426302000KP,DITJEN PENDIS,3020104001,Sepeda Motor,114,Baik,Honda Spacy Helm In Injecti,29/10/2012,22/08/2012,"12,068,000",0,"12,068,000","12,068,000",0,1,0,Digunakan sendiri untuk operasional,,-,,I-11068729,B 6422 PSQ,-,0
178,025040199426302000KP,DITJEN PENDIS,3020104001,Sepeda Motor,115,Baik,Honda Spacy Helm In Injecti,29/10/2012,22/08/2012,"12,068,000",0,"12,068,000","12,068,000",0,1,1,Digunakan sendiri untuk operasional,,-,,I-11068725,B 6421 PSQ,-,0
179,025040199426302000KP,DITJEN PENDIS,3020104001,Sepeda Motor,116,Baik,Honda Spacy Helm In Injecti,29/10/2012,22/08/2012,"12,068,000",0,"12,068,000","12,068,000",0,1,1,Digunakan sendiri untuk operasional,,-,,9B49066X121NW,B 6420 PSQ,-,0
180,025040199426302000KP,DITJEN PENDIS,3020104001,Sepeda Motor,117,Baik,Honda Spacy Helm In Injecti,29/10/2012,22/08/2012,"12,068,000",0,"12,068,000","12,068,000",0,1,1,Digunakan sendiri untuk operasional,,104 TH 2021,9/6/2021,I-11061339,B 6419 PSQ,-,0
181,025040199426302000KP,DITJEN PENDIS,3020104001,Sepeda Motor,118,Baik,Yamaha Soul GT,13/12/2012,7/12/2012,"13,567,500",0,"13,567,500","13,567,500",0,1,1,Digunakan sendiri untuk operasional,,236/KM.6/WKN.07/KNL.03/2016,25/11/2016,J-04968516,B 6087 PUQ,-,0
182,025040199426302000KP,DITJEN PENDIS,3020104001,Sepeda Motor,119,Baik,Yamaha Soul GT,13/12/2012,7/12/2012,"13,567,500",0,"13,567,500","13,567,500",0,1,1,Digunakan sendiri untuk operasional,,236/KM.6/WKN.07/KNL.03/2016,25/11/2016,J-04968519,B 6088 PUQ,-,0
183,025040199426302000KP,DITJEN PENDIS,3020104001,Sepeda Motor,120,Baik,Yamaha Soul GT,13/12/2012,7/12/2012,"13,567,500",0,"13,567,500","13,567,500",0,1,1,Digunakan sendiri untuk operasional,,236/KM.6/WKN.07/KNL.03/2016,25/11/2016,J-04968520,B 6089 PUQ,-,0
184,025040199426302000KP,DITJEN PENDIS,3020104001,Sepeda Motor,121,Baik,Yamaha Soul GT,13/12/2012,7/12/2012,"13,567,500",0,"13,567,500","13,567,500",0,1,1,Digunakan sendiri untuk operasional,,236/KM.6/WKN.07/KNL.03/2016,25/11/2016,J-04960298,B 6090 PUQ,-,0
185,025040199426302000KP,DITJEN PENDIS,3020104001,Sepeda Motor,122,Baik,Yamaha Soul GT,13/12/2012,7/12/2012,"13,567,500",0,"13,567,500","13,567,500",0,1,1,Digunakan sendiri untuk operasional,,104 TH 2021,9/6/2021,J-04960302,B 6091 PUQ,-,0
186,025040199426302000KP,DITJEN PENDIS,3020104001,Sepeda Motor,123,Baik,Yamaha Soul GT,13/12/2012,7/12/2012,"13,567,500",0,"13,567,500","13,567,500",0,1,1,Digunakan sendiri untuk operasional,,236/KM.6/WKN.07/KNL.03/2016,25/11/2016,J-04960297,B 6092 PUQ,-,0
187,025040199426302000KP,DITJEN PENDIS,3020104001,Sepeda Motor,124,Baik,Yamaha Soul GT,13/12/2012,7/12/2012,"13,567,500",0,"13,567,500","13,567,500",0,1,2,Digunakan sendiri untuk operasional,,-,,J-04960293,B 6093 PUQ,-,0
188,025040199426302000KP,DITJEN PENDIS,3020104001,Sepeda Motor,125,Baik,Yamaha Soul GT,13/12/2012,7/12/2012,"13,567,500",0,"13,567,500","13,567,500",0,1,1,Digunakan sendiri untuk operasional,,236/KM.6/WKN.07/KNL.03/2016,25/11/2016,J-04960294,B 6094 PUQ,-,0
189,025040199426302000KP,DITJEN PENDIS,3020104001,Sepeda Motor,126,Baik,Yamaha Soul GT,13/12/2012,7/12/2012,"13,567,500",0,"13,567,500","13,567,500",0,1,1,Digunakan sendiri untuk operasional,,236/KM.6/WKN.07/KNL.03/2016,25/11/2016,J-04960299,B 6095 PUQ,-,0
190,025040199426302000KP,DITJEN PENDIS,3020104001,Sepeda Motor,127,Baik,Yamaha Soul GT,13/12/2012,7/12/2012,"13,567,500",0,"13,567,500","13,567,500",0,1,1,Digunakan sendiri untuk operasional,,236/KM.6/WKN.07/KNL.03/2016,25/11/2016,J-04960301,B 6096 PUQ,-,0
191,025040199426302000KP,DITJEN PENDIS,3020104001,Sepeda Motor,128,Baik,Yamaha Soul GT,13/12/2012,7/12/2012,"13,567,500",0,"13,567,500","13,567,500",0,1,1,Digunakan sendiri untuk operasional,,236/KM.6/WKN.07/KNL.03/2016,25/11/2016,J-04960296,B 6097 PUQ,-,0
192,025040199426302000KP,DITJEN PENDIS,3020104001,Sepeda Motor,129,Baik,Yamaha Soul GT,13/12/2012,7/12/2012,"13,567,500",0,"13,567,500","13,567,500",0,1,0,Digunakan sendiri untuk operasional,,104 TH 2021,9/6/2021,J-04968512,B 6098 PUQ,-,0
193,025040199426302000KP,DITJEN PENDIS,3020104001,Sepeda Motor,130,Baik,Yamaha Soul GT,13/12/2012,7/12/2012,"13,567,500",0,"13,567,500","13,567,500",0,1,1,Digunakan sendiri untuk operasional,,236/KM.6/WKN.07/KNL.03/2016,25/11/2016,J-04968517,B 6099 PUQ,-,0
194,025040199426302000KP,DITJEN PENDIS,3020104001,Sepeda Motor,131,Baik,Yamaha Soul GT,13/12/2012,7/12/2012,"13,567,500",0,"13,567,500","13,567,500",0,1,0,Digunakan sendiri untuk operasional,,104 TH 2021,9/6/2021,J-04968518,B 6100 PUQ,-,0
195,025040199426302000KP,DITJEN PENDIS,3020104001,Sepeda Motor,132,Baik,Yamaha Soul GT,13/12/2012,7/12/2012,"13,567,500",0,"13,567,500","13,567,500",0,1,1,Digunakan sendiri untuk operasional,,236/KM.6/WKN.07/KNL.03/2016,25/11/2016,J-04960300,B 6102 PUQ,-,0
196,025040199426302000KP,DITJEN PENDIS,3020104001,Sepeda Motor,133,Baik,Yamaha Soul GT,13/12/2012,7/12/2012,"13,567,500",0,"13,567,500","13,567,500",0,1,0,Digunakan sendiri untuk operasional,,104 TH 2021,9/6/2021,J-04960295,B 6167 PUQ,-,0
197,025040199426302000KP,DITJEN PENDIS,3020104001,Sepeda Motor,134,Baik,Yamaha Soul GT,13/12/2012,7/12/2012,"13,567,500",0,"13,567,500","13,567,500",0,1,1,Digunakan sendiri untuk operasional,,236/KM.6/WKN.07/KNL.03/2016,25/11/2016,J-04968514,B 6168 PUQ,-,0
198,025040199426302000KP,DITJEN PENDIS,3020104001,Sepeda Motor,135,Baik,Yamaha Soul GT,13/12/2012,7/12/2012,"13,567,500",0,"13,567,500","13,567,500",0,1,1,Digunakan sendiri untuk operasional,,-,,J-04968513,B 6169 PUQ,-,0
199,025040199426302000KP,DITJEN PENDIS,3020104001,Sepeda Motor,136,Baik,Yamaha Soul GT,13/12/2012,7/12/2012,"13,567,500",0,"13,567,500","13,567,500",0,1,1,Digunakan sendiri untuk operasional,,236/KM.6/WKN.07/KNL.03/2016,25/11/2016,J-04968515,B 6170 PUQ,-,0
200,025040199426302000KP,DITJEN PENDIS,3020104001,Sepeda Motor,137,Baik,Honda NF 125 SF,31/12/2013,1/1/2007,"10,500,000",0,"10,500,000","10,500,000",0,1,0,Digunakan sendiri untuk operasional,,236/KM.6/WKN.07/KNL.03/2016,25/11/2016,E7358674G,B 6833 PGQ,-,0
201,025040199426302000KP,DITJEN PENDIS,3020104001,Sepeda Motor,138,Baik,Honda NF 125 SF,31/12/2013,1/1/2007,"10,500,000",0,"10,500,000","10,500,000",0,1,0,Digunakan sendiri untuk operasional,,-,,E7359796G,B 6848 PGQ,-,0
202,025040199426302000KP,DITJEN PENDIS,3020104001,Sepeda Motor,139,Baik,HONDA NF 100 LD,31/12/2013,1/1/2004,"6,800,000",0,"6,800,000","6,800,000",0,1,1,Digunakan sendiri untuk operasional,,236/KM.6/WKN.07/KNL.03/2016,25/11/2016,D2149375G,B 6844 PBQ,-,0
203,025040199426302000KP,DITJEN PENDIS,3020104001,Sepeda Motor,140,Baik,HONDA NF 100 D,31/12/2013,1/1/2001,"7,890,000",0,"7,890,000","7,890,000",0,1,0,Digunakan sendiri untuk operasional,,104 TH 2021,9/6/2021,C0561220G,B 4727 PQ,-,0
204,025040199426302000KP,DITJEN PENDIS,3020104001,Sepeda Motor,141,Rusak Berat,HONDA GLM II,31/12/2013,1/1/1997,"3,105,000",0,"3,105,000","3,105,000",0,1,4,Digunakan sendiri untuk operasional,,104 TH 2021,9/6/2021,A7220643G,B 5737 HQ,-,0
205,025040199426302000KP,DITJEN PENDIS,3020104001,Sepeda Motor,142,Baik,HONDA NF 100 D,31/12/2013,1/1/2001,"7,890,000",0,"7,890,000","7,890,000",0,1,0,Digunakan sendiri untuk operasional,,104 TH 2021,9/6/2021,C0561200G,B 4743 PQ,-,0
206,025040199426302000KP,DITJEN PENDIS,3020104001,Sepeda Motor,143,Rusak Berat,HONDA C.100,31/12/2013,1/1/1999,"3,875,000",0,"3,875,000","3,875,000",0,1,4,Digunakan sendiri untuk operasional,,104 TH 2021,9/6/2021,A8309997G,B 4469 LQ,-,0
207,025040199426302000KP,DITJEN PENDIS,3020104001,Sepeda Motor,144,Rusak Berat,HONDA GLM II,31/12/2013,1/1/1997,"3,105,000",0,"3,105,000","3,105,000",0,1,0,Digunakan sendiri untuk operasional,,104 TH 2021,9/6/2021,A7220832G,B 5579 HQ,-,0
